-- Degrees
INSERT INTO Degree (id, name, level) VALUES
(1, 'Music B.A.', 'Bachelor'),
(2, 'Theatre Arts B.A.', 'Bachelor'),
(3, 'Theatre Arts M.A.', 'Master'),
(4, 'Theatre Arts: Design and Technical Production M.F.A.', 'Master'),
(5, 'Theatre Arts: Directing M.F.A.', 'Master'),
(6, 'Visual Arts B.F.A.', 'Bachelor'),
(7, 'Visual Arts M.F.A.', 'Master'),
(8, 'Business Administration B.A.', 'Bachelor'),
(9, 'MBA', 'Master'),
(10, 'Economics B.A.', 'Bachelor'),
(11, 'Economics M.A.', 'Master'),
(12, 'International Business B.A.', 'Bachelor'),
(13, 'Communications B.A.', 'Bachelor'),
(14, 'Human Communication Studies B.A.', 'Bachelor'),
(15, 'Cinema and Television Arts B.A.', 'Bachelor'),
(16, 'Educational Leadership M.S.', 'Master'),
(17, 'Educational Leadership Ed.D.', 'Doctor'),
(18, 'Elementary & Bilingual Education B.A.', 'Bachelor'),
(19, 'Literacy and Reading Education M.S.', 'Master'),
(20, 'Secondary Education M.S.', 'Master'),
(21, 'Special Education M.S.', 'Master'),
(22, 'Civil Engineering B.S.', 'Bachelor'),
(23, 'Civil Engineering M.S.', 'Master'),
(24, 'Computer Engineering B.S.', 'Bachelor'),
(25, 'Computer Engineering M.S.', 'Master'),
(26, 'Computer Science B.S.', 'Bachelor'),
(27, 'Computer Science M.S.', 'Master'),
(28, 'Electrical Engineering B.S.', 'Bachelor'),
(29, 'Electrical Engineering M.S.', 'Master'),
(30, 'Mechanical Engineering B.S.', 'Bachelor'),
(31, 'Mechanical Engineering M.S.', 'Master'),
(32, 'Child and Adolescent Development B.S.', 'Bachelor'),
(33, 'Counseling M.S.', 'Master'),
(34, 'Human Services B.S.', 'Bachelor'),
(35, 'Kinesiology B.S.', 'Bachelor'),
(36, 'Kinesiology M.S.', 'Master'),
(37, 'Nursing B.S.', 'Bachelor'),
(38, 'Nursing M.S.', 'Master'),
(39, 'Doctor of Nursing Practice D.N.P.', 'Doctor'),
(40, 'Public Health B.S.', 'Bachelor'),
(41, 'Social Work M.S.W.', 'Master'),
(42, 'American Studies B.A.', 'Bachelor'),
(43, 'American Studies M.A.', 'Master'),
(44, 'Anthropology B.A.', 'Bachelor'),
(45, 'Anthropology M.A.', 'Master'),
(46, 'Comparative Literature B.A.', 'Bachelor'),
(47, 'Criminal Justice B.A.', 'Bachelor'),
(48, 'English B.A.', 'Bachelor'),
(49, 'English M.A.', 'Master'),
(50, 'Environmental Studies M.S.', 'Master'),
(51, 'Ethnic Studies B.A.', 'Bachelor'),
(52, 'European Studies B.A.', 'Bachelor'),
(53, 'French B.A.', 'Bachelor'),
(54, 'Geography B.A.', 'Bachelor'),
(55, 'Geography M.A.', 'Master'),
(56, 'History B.A.', 'Bachelor'),
(57, 'History M.A.', 'Master'),
(58, 'Japanese B.A.', 'Bachelor'),
(59, 'Latin American Studies B.A.', 'Bachelor'),
(60, 'Liberal Studies B.A.', 'Bachelor'),
(61, 'Linguistics B.A.', 'Bachelor'),
(62, 'Linguistics M.A.', 'Master'),
(63, 'Philosophy B.A.', 'Bachelor'),
(64, 'Political Science B.A.', 'Bachelor'),
(65, 'Political Science M.A.', 'Master'),
(66, 'Psychology B.A.', 'Bachelor'),
(67, 'Psychology M.A.', 'Master'),
(68, 'Clinical Psychology M.S.', 'Master'),
(69, 'Public Administration B.A.', 'Bachelor'),
(70, 'Public Administration M.P.A.', 'Master'),
(71, 'Sociology B.A.', 'Bachelor'),
(72, 'Sociology M.A.', 'Master'),
(73, 'Spanish B.A.', 'Bachelor'),
(74, 'Spanish M.A.', 'Master'),
(75, 'Women and Gender Studies B.A.', 'Bachelor'),
(76, 'Biological Science B.S.', 'Bachelor'),
(77, 'Biological Science M.S.', 'Master'),
(78, 'Chemistry B.S.', 'Bachelor'),
(79, 'Chemistry M.S.', 'Master'),
(80, 'Geological Sciences B.S.', 'Bachelor'),
(81, 'Geological Sciences M.S.', 'Master'),
(82, 'Mathematics B.A.', 'Bachelor'),
(83, 'Mathematics M.A.', 'Master'),
(84, 'Physics B.S.', 'Bachelor'),
(85, 'Physics M.S.', 'Master');


-- Courses
INSERT INTO Course (id, code, name, credits, Department, Description) VALUES
-- Shared foundational courses
(1001, 'MATH201', 'Calculus I', 4, 'Mathematics', 'Limits, derivatives, and basic integration of single-variable functions; applications to engineering problems.'),
(1002, 'MATH202', 'Calculus II', 4, 'Mathematics', 'Techniques of integration, sequences and series, parametric equations and polar coordinates.'),
(1003, 'MATH301', 'Linear Algebra', 3, 'Mathematics', 'Vector spaces, matrices, determinants, eigenvalues, eigenvectors, and linear transformations.'),
(1004, 'PHYS211', 'Physics for Engineers I', 4, 'Physics', 'Mechanics, work and energy, momentum, rotation, and introduction to oscillations.'),
(1005, 'PHYS212', 'Physics for Engineers II', 4, 'Physics', 'Electricity, magnetism, and introductory optics for engineering students.');

-- Computer Science
INSERT INTO Course (id, code, name, credits, Department, Description) VALUES
(1006, 'CPSC101', 'Intro to Programming', 3, 'Computer Science', 'Introduction to programming fundamentals using Python; variables, control flow, functions, and simple data structures.'),
(1007, 'CPSC201', 'Discrete Mathematics for CS', 3, 'Computer Science', 'Logic, set theory, proofs, combinatorics, relations, functions, and graph basics for computing.'),
(1008, 'CPSC211', 'Data Structures', 4, 'Computer Science', 'Abstract data types and implementations: lists, stacks, queues, trees, hash tables, and complexity analysis.'), -- shared with CMPE
(1009, 'CPSC221', 'Computer Organization', 3, 'Computer Science', 'Representation of data, machine-level operations, assembly language, CPU organization, and pipelining.'),
(1010, 'CPSC230', 'Software Development Fundamentals', 3, 'Computer Science', 'Software engineering basics: version control, testing, debugging, modular design, and documentation.'),
(1011, 'CPSC240', 'Introduction to Databases', 3, 'Computer Science', 'Relational model, SQL, normalization, transactions, and basic database design.'),
(1012, 'CPSC250', 'Computer Networks', 3, 'Computer Science', 'Network models, protocols, the Internet, sockets, and basic networking applications.'),
(1013, 'CPSC270', 'Introduction to Algorithms', 3, 'Computer Science', 'Algorithmic problem solving, sorting, searching, basic graph algorithms and complexity.'),
(1014, 'CPSC310', 'Operating Systems', 4, 'Computer Science', 'Processes, threads, scheduling, synchronization, memory management, and file systems.'), -- upper
(1015, 'CPSC320', 'Software Engineering', 3, 'Computer Science', 'Software lifecycle, requirements, design patterns, testing methodologies, and agile practices.'),
(1016, 'CPSC330', 'Database Systems', 3, 'Computer Science', 'Advanced database topics: indexing, query optimization, and basic distributed databases.'),
(1017, 'CPSC340', 'Computer Security', 3, 'Computer Science', 'Principles of confidentiality, integrity, availability, cryptography basics, and secure coding practices.'),
(1018, 'CPSC350', 'Machine Learning Fundamentals', 3, 'Computer Science', 'Supervised/unsupervised learning basics, regression, classification, model selection and evaluation.'),
(1019, 'CPSC360', 'Human-Computer Interaction', 3, 'Computer Science', 'Design principles for usable interfaces, prototyping, and user evaluation methods.'),
(1020, 'CPSC395', 'CS Capstone Project', 4, 'Computer Science', 'Team capstone integrating systems, software engineering, or AI for a real-world client/project.'),
(1021, 'CPSC211L', 'Data Structures Lab', 1, 'Computer Science', 'Lab assignments implementing and analyzing data structures in C++/Java.'), -- lower lab elective
(1022, 'CPSC480', 'Parallel & Distributed Computing', 3, 'Computer Science', 'Parallel algorithms, concurrency models, distributed systems basics, and performance issues.'),
(1023, 'CPSC499', 'CS Elective: Computational Biology', 3, 'Computer Science', 'Computational methods and algorithms applied to biological sequence analysis.');

-- Computer Engineering
INSERT INTO Course (id, code, name, credits, Department, Description) VALUES
(1024, 'CMPE101', 'Intro to Computer Engineering', 3, 'Computer Engineering', 'Overview of computer engineering: hardware/software interface, basic digital logic, and programming.'),
(1025, 'CMPE150', 'Digital Logic Design', 3, 'Computer Engineering', 'Boolean algebra, combinational and sequential logic, flip-flops, FSMs, and HDL basics.'),
(1026, 'CMPE211', 'Data Structures (CMPE)', 4, 'Computer Engineering', 'Data structures and abstract types with emphasis on performance in systems programming.'),
(1027, 'CMPE230', 'Assembly Language & Computer Architecture', 3, 'Computer Engineering', 'Instruction sets, assembly programming, memory hierarchy, and basic CPU design.'),
(1028, 'CMPE240', 'Embedded Systems I', 3, 'Computer Engineering', 'Microcontroller programming, peripherals, interrupts, and interfacing.'),
(1029, 'CMPE250', 'Signals and Systems', 3, 'Computer Engineering', 'Continuous and discrete signals, LTI systems, convolution, and Fourier basics.'),
(1030, 'CMPE260', 'Intro to Electronics', 3, 'Computer Engineering', 'Diodes, transistors, analog circuit basics, and circuit analysis techniques.'), 
(1031, 'CMPE301', 'Computer Networks for Engineers', 3, 'Computer Engineering', 'Network stacks, embedded networking, IoT fundamentals and network programming.'), 
(1032, 'CMPE310', 'Operating Systems for Engineers', 4, 'Computer Engineering', 'Kernel structures, device management, embedded OS topics, and real-time concerns.'),
(1033, 'CMPE320', 'VLSI & Digital Systems', 3, 'Computer Engineering', 'ASICs/FPGA design flows, synthesis, timing, and hardware description languages.'), -- upper
(1034, 'CMPE330', 'Microprocessors & Interfacing', 3, 'Computer Engineering', 'Microprocessor architecture, buses, DMA, and hardware-software co-design.'),
(1035, 'CMPE340', 'Embedded Systems II', 3, 'Computer Engineering', 'RTOS, hardware acceleration, low-power design, and advanced embedded topics.'),
(1036, 'CMPE350', 'Computer Engineering Capstone I', 2, 'Computer Engineering', 'Start of two-semester senior project: specification, design, and prototyping.'), -- upper
(1037, 'CMPE351', 'Computer Engineering Capstone II', 2, 'Computer Engineering', 'Implementation, testing, and presentation of senior design project.'),
(1038, 'CMPE360', 'Digital Signal Processing', 3, 'Computer Engineering', 'Discrete-time signals, z-transform, FFTs, and basic DSP algorithms.'), 
(1039, 'CMPE370', 'Networked Embedded Systems', 3, 'Computer Engineering', 'Design and programming of networked embedded devices and IoT systems.'),
(1040, 'CMPE399', 'CMPE Elective: FPGA Design', 3, 'Computer Engineering', 'Advanced projects in FPGA with hardware-software partitioning.'),
(1041, 'CMPE410L', 'Embedded Systems Lab', 1, 'Computer Engineering', 'Hands-on lab building embedded prototypes and testing hardware/software integration.');

-- Electrical Engineering
INSERT INTO Course (id, code, name, credits, Department, Description) VALUES
(1042, 'ECE101', 'Intro to Electrical Engineering', 3, 'Electrical Engineering', 'Overview of EE fields, basic circuits, signals, systems, and career pathways.'),
(1043, 'ECE201', 'Circuit Analysis I', 4, 'Electrical Engineering', 'DC/AC circuit analysis, resistive networks, node/mesh analysis, and transient response.'),
(1044, 'ECE202', 'Circuit Analysis II', 3, 'Electrical Engineering', 'AC steady-state, phasors, power, and frequency response of circuits.'),
(1045, 'ECE211', 'Electronics I', 3, 'Electrical Engineering', 'Semiconductor devices, diode and transistor circuits, amplifiers and biasing.'),
(1046, 'ECE221', 'Systems and Signals', 3, 'Electrical Engineering', 'Continuous-time signals, LTI systems, Fourier and Laplace transforms for engineers.'), -- similar to CMPE250
(1047, 'ECE241', 'Digital Logic & Systems', 3, 'Electrical Engineering', 'Combinational/sequential logic, finite state machines, and HDL basics.'), -- overlaps with CMPE150
(1048, 'ECE251', 'Electromagnetics I', 3, 'Electrical Engineering', 'Vector fields, Maxwell’s equations, and wave propagation basics.'),
(1049, 'ECE270', 'Instrumentation and Measurement', 3, 'Electrical Engineering', 'Sensors, measurement techniques, and signal conditioning.'),
(1050, 'ECE310', 'Control Systems', 3, 'Electrical Engineering', 'Feedback control, stability, root locus, Bode plots, and PID design.'), -- upper
(1051, 'ECE320', 'Power Systems Fundamentals', 3, 'Electrical Engineering', 'Generation, transmission, distribution, and basics of power system analysis.'),
(1053, 'ECE340', 'Microelectronics', 3, 'Electrical Engineering', 'Analog integrated circuit design, op-amps, and layout considerations.'),
(1054, 'ECE350', 'ECE Capstone I', 2, 'Electrical Engineering', 'Team-based engineering project: requirements, design, and simulation.'), 
(1055, 'ECE351', 'ECE Capstone II', 2, 'Electrical Engineering', 'Final implementation, testing, validation, and report/presentation.'),
(1056, 'ECE370', 'Communication Systems', 3, 'Electrical Engineering', 'Analog and digital modulation, noise, and basic communication links.'),
(1057, 'ECE399', 'ECE Elective: Renewable Energy Systems', 3, 'Electrical Engineering', 'Solar, wind, and energy integration topics for contemporary power systems.'),
(1058, 'ECE311L', 'Circuits Lab', 1, 'Electrical Engineering', 'Hands-on experiments building and characterizing analog and digital circuits.');

-- Civil Engineering
INSERT INTO Course (id, code, name, credits, Department, Description) VALUES
(1059, 'CEE101', 'Intro to Civil & Environmental Engineering', 3, 'Civil Engineering', 'Overview of civil engineering disciplines, ethics, and engineering design process.'),
(1060, 'CEE201', 'Statics', 3, 'Civil Engineering', 'Forces, moments, equilibrium, free-body diagrams, and structural analysis fundamentals.'), -- overlap with MECH
(1061, 'CEE202', 'Mechanics of Materials', 3, 'Civil Engineering', 'Stress, strain, axial, torsion, bending, and deflection of structural members.'),
(1062, 'CEE231', 'Surveying & Geomatics', 3, 'Civil Engineering', 'Measurement techniques, mapping, GPS fundamentals, and site layout.'),
(1063, 'CEE241', 'Hydraulics & Hydrology', 3, 'Civil Engineering', 'Fluid mechanics for open channel and pipe flow, watershed hydrology basics.'),
(1064, 'CEE251', 'Structural Analysis I', 3, 'Civil Engineering', 'Analysis of determinate structures, shear/moment diagrams, and deflection methods.'),
(1065, 'CEE261', 'Environmental Engineering Fundamentals', 3, 'Civil Engineering', 'Water quality, wastewater treatment basics, and environmental regulations.'),
(1066, 'CEE270', 'Construction Materials & Methods', 3, 'Civil Engineering', 'Properties of construction materials, testing, and common construction practices.'),
(1067, 'CEE310', 'Geotechnical Engineering', 3, 'Civil Engineering', 'Soil properties, classification, consolidation, and bearing capacity.'),
(1068, 'CEE320', 'Structural Design', 3, 'Civil Engineering', 'Design of concrete and steel members per applicable design codes.'),
(1069, 'CEE330', 'Transportation Engineering', 3, 'Civil Engineering', 'Traffic engineering, highway design, and transportation planning fundamentals.'),
(1070, 'CEE340', 'Water Resources Engineering', 3, 'Civil Engineering', 'Hydrologic and hydraulic modeling, flood control, and drainage design.'),
(1071, 'CEE350', 'Civil Engineering Capstone I', 2, 'Civil Engineering', 'Project planning, design criteria, and preliminary design for senior project.'), 
(1072, 'CEE351', 'Civil Engineering Capstone II', 2, 'Civil Engineering', 'Complete design, implementation, and presentation of senior project.'),
(1073, 'CEE399', 'CEE Elective: Sustainable Infrastructure', 3, 'Civil Engineering', 'Sustainability principles, lifecycle analysis, and resilient infrastructure design.'),
(1074, 'CEE311L', 'Materials Testing Lab', 1, 'Civil Engineering', 'Hands-on testing of soils, concrete, and other construction materials.');

-- Mechanical Engineering
INSERT INTO Course (id, code, name, credits, Department, Description) VALUES
(1075, 'MECH101', 'Intro to Mechanical Engineering', 3, 'Mechanical Engineering', 'Overview of mechanical engineering fields, design process, and basic problem solving.'),
(1076, 'MECH201', 'Statics & Strength of Materials', 3, 'Mechanical Engineering', 'Statics review and introduction to stress/strain and material behavior.'), -- overlap with CEE201
(1077, 'MECH202', 'Dynamics', 3, 'Mechanical Engineering', 'Kinematics, kinetics of particles and rigid bodies, work and energy, impulse and momentum.'),
(1078, 'MECH221', 'Thermodynamics I', 3, 'Mechanical Engineering', 'Properties of pure substances, energy analysis of closed and open systems, and cycles.'),
(1079, 'MECH231', 'Fluid Mechanics for Engineers', 3, 'Mechanical Engineering', 'Fluid statics and dynamics, Bernoulli equation, and introductory viscous flows.'), -- similar to CEE241
(1080, 'MECH241', 'Materials Science for Engineers', 3, 'Mechanical Engineering', 'Material structure-property relationships, metals, polymers, and composite basics.'),
(1081, 'MECH251', 'Manufacturing Processes', 3, 'Mechanical Engineering', 'Casting, forming, machining, additive manufacturing, and process selection.'),
(1082, 'MECH260', 'Mechanical Systems Design', 3, 'Mechanical Engineering', 'Basic machine elements, linkages, gears, bearings, and design considerations.'),
(1083, 'MECH310', 'Heat Transfer', 3, 'Mechanical Engineering', 'Conduction, convection, and radiation heat transfer with engineering applications.'), -- upper
(1084, 'MECH320', 'Dynamics of Machinery', 3, 'Mechanical Engineering', 'Vibration, balancing, and dynamic analysis of mechanical systems.'),
(1085, 'MECH330', 'Finite Element Methods for Engineers', 3, 'Mechanical Engineering', 'FEM fundamentals for structural/thermal problems and engineering applications.'),
(1086, 'MECH340', 'Control Systems for Mechanical Engineers', 3, 'Mechanical Engineering', 'Modeling, feedback control, sensors and actuators in mechanical systems.'), -- overlaps with ECE310
(1087, 'MECH350', 'Mechanical Engineering Capstone I', 2, 'Mechanical Engineering', 'Team-based design project: concept development and preliminary analysis.'),
(1088, 'MECH351', 'Mechanical Engineering Capstone II', 2, 'Mechanical Engineering', 'Final design, prototyping, testing, and presentation.'),
(1089, 'MECH399', 'MECH Elective: Robotics Systems', 3, 'Mechanical Engineering', 'Kinematics, sensors, actuators, and integration for robotics applications.'),
(1090, 'MECH311L', 'Mechanics Lab', 1, 'Mechanical Engineering', 'Experimental labs covering statics, dynamics, materials, and instrumentation.'),
(1091, 'MECH499', 'Advanced Manufacturing Elective', 3, 'Mechanical Engineering', 'Topics in CNC, automation, and advanced manufacturing systems.');

-- Biology
INSERT INTO Course (id, code, name, credits, Department, Description) VALUES
(2001, 'BIOL101', 'Cell & Molecular Biology', 4, 'Biological Science', 'Introduction to molecular structure, cellular processes, genetics, and biotechnology applications.'),
(2002, 'BIOL102', 'Organismal Biology', 4, 'Biological Science', 'Study of evolutionary principles, biodiversity, anatomy, and physiology of plants and animals.'),
(2003, 'BIOL150', 'Biological Research Foundations', 3, 'Biological Science', 'Covers scientific method, research design, lab safety, and peer-reviewed literature interpretation.'),
(2004, 'BIOL151L', 'Introductory Biology Lab', 1, 'Biological Science', 'Hands-on lab reinforcing core biological concepts and microscopy skills.'),
(2005, 'CHEM120A', 'General Chemistry I', 4, 'Chemistry & Biochemistry', 'Atomic structure, bonding, chemical reactions, and quantitative problem solving.'),
(2006, 'CHEM120B', 'General Chemistry II', 4, 'Chemistry & Biochemistry', 'Solutions, kinetics, equilibrium, thermodynamics, and acid-base chemistry.'),
(2007, 'MATH130', 'Applied Calculus for Life Sciences', 3, 'Mathematics', 'Differentiation and integration with biological modeling applications.'),
(2008, 'PSYCH201', 'Statistics for Behavioral & Life Sciences', 3, 'Psychology', 'Descriptive and inferential statistical methods used in scientific research.'),
(2009, 'BIOL300', 'Genetics and Molecular Mechanisms', 4, 'Biological Science', 'Study of heredity, gene regulation, chromosomal behavior, and DNA technologies.'),
(2010, 'BIOL302', 'Microbiology', 4, 'Biological Science', 'Structure, physiology, classification, and immunological impact of microorganisms.'),
(2011, 'BIOL310', 'Human Physiology', 4, 'Biological Science', 'Function of major organ systems with clinical physiology focus.'),
(2012, 'BIOL340', 'Ecology & Environmental Biology', 3, 'Biological Science', 'Population dynamics, ecosystems, environmental stress, and conservation principles.'),
(2013, 'BIOL360', 'Evolutionary Biology', 3, 'Biological Science', 'Natural selection, speciation, phylogenetics, and evolutionary development.'),
(2014, 'BIOL408', 'Bioinformatics & Computational Analysis', 3, 'Biological Science', 'Protein, genome, and molecular data analysis using computational tools.'),
(2015, 'BIOL420', 'Advanced Cell Biology', 4, 'Biological Science', 'Signal transduction, cell structure, cytoskeleton, and cellular communication.'),
(2016, 'BIOL495', 'Biology Senior Research Capstone', 3, 'Biological Science', 'Independent or group research with presentation and written thesis.');


INSERT INTO Section (section_num, course_id, instructor, Capacity, Registered, Waitlist) VALUES
(1, 1001, 'Dr. Nguyen', 40, 37, 0),
(2, 1001, 'Dr. Lopez', 40, 40, 2),
(1, 1002, 'Dr. Chen', 40, 38, 1),
(1, 1003, 'Dr. Patel', 40, 34, 0),
(1, 1004, 'Dr. Thompson', 40, 40, 3),
(2, 1004, 'Dr. Reed', 40, 36, 0),
(1, 1005, 'Dr. Reed', 40, 35, 0),
(1, 1006, 'Prof. Hamilton', 40, 39,1),
(2, 1006, 'Prof. Doyle', 40, 32, 0),
(1, 1007, 'Dr. Kim', 40, 33, 0),
(1, 1008, 'Dr. Alvarez', 40, 40, 3),
(1, 1009, 'Dr. Mehta', 40, 31, 0),
(1, 1010, 'Prof. Barnes', 40, 34, 0),
(1, 1011, 'Dr. Perez', 40, 29, 0),
(1, 1012, 'Dr. Stevens', 40, 35, 0),
(1, 1013, 'Dr. Hoffman', 40, 40, 2),
(1, 1014, 'Dr. Jacobs', 40, 38, 1),
(1, 1015, 'Dr. Roy', 40, 26, 0),
(1, 1016, 'Dr. Perez', 40, 23, 0),
(1, 1017, 'Dr. Shah', 40, 21, 0),
(1, 1018, 'Dr. Weiss', 40, 29, 0),
(1, 1019, 'Prof. Miller', 40, 22, 0),
(1, 1020, 'Dr. Hamilton', 40, 18, 0),
(1, 1021, 'TA Williams', 25, 25, 2),
(1, 1022, 'Dr. Jacobs', 40, 15, 0),
(1, 1023, 'Dr. Carter', 40, 12, 0),
(1, 1024, 'Dr. Kim', 40, 38, 0),
(1, 1025, 'Dr. Alvarez', 40, 36, 0),
(2, 1025, 'Dr. Chen', 40, 33, 0),
(1, 1026, 'Dr. Delgado', 40, 40, 2),
(1, 1027, 'Prof. Singh', 40, 34, 0),
(1, 1028, 'Dr. Romero', 40, 28, 0),
(2, 1028, 'Dr. Romero', 40, 26, 0),
(1, 1029, 'Dr. Patel', 40, 31, 0),
(1, 1030, 'Dr. Carter', 40, 27, 0),
(1, 1031, 'Dr. Nguyen', 40, 32, 0),
(1, 1032, 'Dr. Hoffman', 40, 30, 0),
(1, 1033, 'Prof. Li', 40, 24, 0),
(1, 1034, 'Dr. Stone', 40, 25, 0),
(1, 1035, 'Dr. Romero', 40, 21, 0),
(1, 1036, 'Dr. Weiss', 25, 20, 0),
(1, 1037, 'Dr. Weiss', 25, 18, 0),
(1, 1038, 'Dr. Patel', 40, 19, 0),
(1, 1039, 'Dr. Nguyen', 40, 18, 0),
(1, 1040, 'Prof. Li', 40, 14, 0),
(1, 1041, 'TA Johnson', 22, 22, 1),
(1, 1042, 'Dr. Ramirez', 44, 43, 0),
(1, 1043, 'Dr. Chang', 42, 40, 1),
(2, 1043, 'Dr. Chang', 42, 39, 0),
(1, 1044, 'Dr. Lin', 40, 35, 0),
(1, 1045, 'Dr. Vargas', 38, 34, 0),
(1, 1046, 'Dr. Kim', 42, 36, 0),
(1, 1047, 'Dr. Shah', 40, 38, 0),
(1, 1048, 'Dr. Franklin', 38, 31, 0),
(1, 1049, 'Dr. Nguyen', 40, 29, 0),
(1, 1050, 'Dr. Stein', 36, 28, 0),
(1, 1051, 'Dr. O’Donnell', 36, 26, 0),
(1, 1053, 'Dr. Wallace', 38, 30, 0),
(1, 1054, 'Dr. Monroe', 24, 20, 0),
(1, 1055, 'Dr. Monroe', 24, 18, 0),
(1, 1056, 'Dr. Li', 38, 27, 0),
(1, 1057, 'Dr. Bishop', 38, 21, 0),
(1, 1058, 'Lab Coordinator Wiley', 22, 22, 1),
(1, 1059, 'Dr. Martinez', 40, 38, 0),
(1, 1060, 'Dr. Kim', 40, 36, 0),
(2, 1060, 'Dr. Kim', 40, 35, 0),
(1, 1061, 'Dr. Singh', 38, 33, 0),
(1, 1062, 'Dr. Nguyen', 40, 30, 0),
(1, 1063, 'Dr. Franklin', 38, 28, 0),
(1, 1064, 'Dr. Wallace', 38, 32, 0),
(1, 1065, 'Dr. Li', 40, 27, 0),
(1, 1066, 'Dr. Romero', 40, 29, 0),
(1, 1067, 'Dr. Patel', 36, 26, 0),
(1, 1068, 'Dr. Stone', 36, 25, 0),
(1, 1069, 'Dr. Shah', 40, 24, 0),
(1, 1070, 'Dr. Kim', 38, 23, 0),
(1, 1071, 'Dr. Monroe', 24, 20, 0),
(1, 1072, 'Dr. Monroe', 24, 18, 0),
(1, 1073, 'Dr. Bishop', 40, 21, 0),
(1, 1074, 'Lab Coordinator Wiley', 22, 22, 1),
(1, 2001, 'Dr. Ramirez', 40, 38, 0),
(2, 2001, 'Dr. Ramirez', 40, 35, 0),
(1, 2002, 'Dr. Nguyen', 40, 37, 0),
(1, 2003, 'Dr. Franklin', 38, 34, 0),
(1, 2004, 'Lab Coordinator Wiley', 22, 22, 1),
(1, 2005, 'Dr. Kim', 44, 40, 0),
(1, 2006, 'Dr. Kim', 44, 38, 0),
(1, 2007, 'Dr. Patel', 40, 36, 0),
(1, 2008, 'Dr. Li', 40, 33, 0),
(1, 2009, 'Dr. Wallace', 38, 31, 0),
(1, 2010, 'Dr. Shah', 38, 30, 0),
(1, 2011, 'Dr. Franklin', 40, 32, 0),
(1, 2012, 'Dr. Romero', 38, 29, 0),
(1, 2013, 'Dr. Li', 38, 28, 0),
(1, 2014, 'Dr. Monroe', 36, 27, 0),
(1, 2015, 'Dr. Bishop', 40, 25, 0),
(1, 2016, 'Dr. Monroe', 24, 22, 0);


